account,password
user1@example.com,easylearn@2026
user2@example.com,easylearn@2026
user3@example.com,easylearn@2026
user4@example.com,easylearn@2026
user5@example.com,easylearn@2026
user6@example.com,easylearn@2026
user7@example.com,easylearn@2026
user8@example.com,easylearn@2026
user9@example.com,easylearn@2026
user10@example.com,easylearn@2026
user11@example.com,easylearn@2026
user12@example.com,easylearn@2026
user13@example.com,easylearn@2026
user14@example.com,easylearn@2026
user15@example.com,easylearn@2026
user16@example.com,easylearn@2026
user17@example.com,easylearn@2026
user18@example.com,easylearn@2026
user19@example.com,easylearn@2026
user20@example.com,easylearn@2026
user21@example.com,easylearn@2026
user22@example.com,easylearn@2026
user23@example.com,easylearn@2026
user24@example.com,easylearn@2026
user25@example.com,easylearn@2026
user26@example.com,easylearn@2026
user27@example.com,easylearn@2026
user28@example.com,easylearn@2026
user29@example.com,easylearn@2026
user30@example.com,easylearn@2026
user31@example.com,easylearn@2026
user32@example.com,easylearn@2026
user33@example.com,easylearn@2026
user34@example.com,easylearn@2026
user35@example.com,easylearn@2026
user36@example.com,easylearn@2026
user37@example.com,easylearn@2026
user38@example.com,easylearn@2026
user39@example.com,easylearn@2026
user40@example.com,easylearn@2026
user41@example.com,easylearn@2026
user42@example.com,easylearn@2026
user43@example.com,easylearn@2026
user44@example.com,easylearn@2026
user45@example.com,easylearn@2026
user46@example.com,easylearn@2026
user47@example.com,easylearn@2026
user48@example.com,easylearn@2026
user49@example.com,easylearn@2026
user50@example.com,easylearn@2026
user51@example.com,easylearn@2026
user52@example.com,easylearn@2026
user53@example.com,easylearn@2026
user54@example.com,easylearn@2026
user55@example.com,easylearn@2026
user56@example.com,easylearn@2026
user57@example.com,easylearn@2026
user58@example.com,easylearn@2026
user59@example.com,easylearn@2026
user60@example.com,easylearn@2026
user61@example.com,easylearn@2026
user62@example.com,easylearn@2026
user63@example.com,easylearn@2026
user64@example.com,easylearn@2026
user65@example.com,easylearn@2026
user66@example.com,easylearn@2026
user67@example.com,easylearn@2026
user68@example.com,easylearn@2026
user69@example.com,easylearn@2026
user70@example.com,easylearn@2026
user71@example.com,easylearn@2026
user72@example.com,easylearn@2026
user73@example.com,easylearn@2026
user74@example.com,easylearn@2026
user75@example.com,easylearn@2026
user76@example.com,easylearn@2026
user77@example.com,easylearn@2026
user78@example.com,easylearn@2026
user79@example.com,easylearn@2026
user80@example.com,easylearn@2026
user81@example.com,easylearn@2026
user82@example.com,easylearn@2026
user83@example.com,easylearn@2026
user84@example.com,easylearn@2026
user85@example.com,easylearn@2026
user86@example.com,easylearn@2026
user87@example.com,easylearn@2026
user88@example.com,easylearn@2026
user89@example.com,easylearn@2026
user90@example.com,easylearn@2026
user91@example.com,easylearn@2026
user92@example.com,easylearn@2026
user93@example.com,easylearn@2026
user94@example.com,easylearn@2026
user95@example.com,easylearn@2026
user96@example.com,easylearn@2026
user97@example.com,easylearn@2026
user98@example.com,easylearn@2026
user99@example.com,easylearn@2026
user100@example.com,easylearn@2026
user101@example.com,easylearn@2026
user102@example.com,easylearn@2026
user103@example.com,easylearn@2026
user104@example.com,easylearn@2026
user105@example.com,easylearn@2026
user106@example.com,easylearn@2026
user107@example.com,easylearn@2026
user108@example.com,easylearn@2026
user109@example.com,easylearn@2026
user110@example.com,easylearn@2026
user111@example.com,easylearn@2026
user112@example.com,easylearn@2026
user113@example.com,easylearn@2026
user114@example.com,easylearn@2026
user115@example.com,easylearn@2026
user116@example.com,easylearn@2026
user117@example.com,easylearn@2026
user118@example.com,easylearn@2026
user119@example.com,easylearn@2026
user120@example.com,easylearn@2026
user121@example.com,easylearn@2026
user122@example.com,easylearn@2026
user123@example.com,easylearn@2026
user124@example.com,easylearn@2026
user125@example.com,easylearn@2026
user126@example.com,easylearn@2026
user127@example.com,easylearn@2026
user128@example.com,easylearn@2026
user129@example.com,easylearn@2026
user130@example.com,easylearn@2026
user131@example.com,easylearn@2026
user132@example.com,easylearn@2026
user133@example.com,easylearn@2026
user134@example.com,easylearn@2026
user135@example.com,easylearn@2026
user136@example.com,easylearn@2026
user137@example.com,easylearn@2026
user138@example.com,easylearn@2026
user139@example.com,easylearn@2026
user140@example.com,easylearn@2026
user141@example.com,easylearn@2026
user142@example.com,easylearn@2026
user143@example.com,easylearn@2026
user144@example.com,easylearn@2026
user145@example.com,easylearn@2026
user146@example.com,easylearn@2026
user147@example.com,easylearn@2026
user148@example.com,easylearn@2026
user149@example.com,easylearn@2026
user150@example.com,easylearn@2026
user151@example.com,easylearn@2026
user152@example.com,easylearn@2026
user153@example.com,easylearn@2026
user154@example.com,easylearn@2026
user155@example.com,easylearn@2026
user156@example.com,easylearn@2026
user157@example.com,easylearn@2026
user158@example.com,easylearn@2026
user159@example.com,easylearn@2026
user160@example.com,easylearn@2026
user161@example.com,easylearn@2026
user162@example.com,easylearn@2026
user163@example.com,easylearn@2026
user164@example.com,easylearn@2026
user165@example.com,easylearn@2026
user166@example.com,easylearn@2026
user167@example.com,easylearn@2026
user168@example.com,easylearn@2026
user169@example.com,easylearn@2026
user170@example.com,easylearn@2026
user171@example.com,easylearn@2026
user172@example.com,easylearn@2026
user173@example.com,easylearn@2026
user174@example.com,easylearn@2026
user175@example.com,easylearn@2026
user176@example.com,easylearn@2026
user177@example.com,easylearn@2026
user178@example.com,easylearn@2026
user179@example.com,easylearn@2026
user180@example.com,easylearn@2026
user181@example.com,easylearn@2026
user182@example.com,easylearn@2026
user183@example.com,easylearn@2026
user184@example.com,easylearn@2026
user185@example.com,easylearn@2026
user186@example.com,easylearn@2026
user187@example.com,easylearn@2026
user188@example.com,easylearn@2026
user189@example.com,easylearn@2026
user190@example.com,easylearn@2026
user191@example.com,easylearn@2026
user192@example.com,easylearn@2026
user193@example.com,easylearn@2026
user194@example.com,easylearn@2026
user195@example.com,easylearn@2026
user196@example.com,easylearn@2026
user197@example.com,easylearn@2026
user198@example.com,easylearn@2026
user199@example.com,easylearn@2026
user200@example.com,easylearn@2026
user201@example.com,easylearn@2026
user202@example.com,easylearn@2026
user203@example.com,easylearn@2026
user204@example.com,easylearn@2026
user205@example.com,easylearn@2026
user206@example.com,easylearn@2026
user207@example.com,easylearn@2026
user208@example.com,easylearn@2026
user209@example.com,easylearn@2026
user210@example.com,easylearn@2026
user211@example.com,easylearn@2026
user212@example.com,easylearn@2026
user213@example.com,easylearn@2026
user214@example.com,easylearn@2026
user215@example.com,easylearn@2026
user216@example.com,easylearn@2026
user217@example.com,easylearn@2026
user218@example.com,easylearn@2026
user219@example.com,easylearn@2026
user220@example.com,easylearn@2026
user221@example.com,easylearn@2026
user222@example.com,easylearn@2026
user223@example.com,easylearn@2026
user224@example.com,easylearn@2026
user225@example.com,easylearn@2026
user226@example.com,easylearn@2026
user227@example.com,easylearn@2026
user228@example.com,easylearn@2026
user229@example.com,easylearn@2026
user230@example.com,easylearn@2026
user231@example.com,easylearn@2026
user232@example.com,easylearn@2026
user233@example.com,easylearn@2026
user234@example.com,easylearn@2026
user235@example.com,easylearn@2026
user236@example.com,easylearn@2026
user237@example.com,easylearn@2026
user238@example.com,easylearn@2026
user239@example.com,easylearn@2026
user240@example.com,easylearn@2026
user241@example.com,easylearn@2026
user242@example.com,easylearn@2026
user243@example.com,easylearn@2026
user244@example.com,easylearn@2026
user245@example.com,easylearn@2026
user246@example.com,easylearn@2026
user247@example.com,easylearn@2026
user248@example.com,easylearn@2026
user249@example.com,easylearn@2026
user250@example.com,easylearn@2026
user251@example.com,easylearn@2026
user252@example.com,easylearn@2026
user253@example.com,easylearn@2026
user254@example.com,easylearn@2026
user255@example.com,easylearn@2026
user256@example.com,easylearn@2026
user257@example.com,easylearn@2026
user258@example.com,easylearn@2026
user259@example.com,easylearn@2026
user260@example.com,easylearn@2026
user261@example.com,easylearn@2026
user262@example.com,easylearn@2026
user263@example.com,easylearn@2026
user264@example.com,easylearn@2026
user265@example.com,easylearn@2026
user266@example.com,easylearn@2026
user267@example.com,easylearn@2026
user268@example.com,easylearn@2026
user269@example.com,easylearn@2026
user270@example.com,easylearn@2026
user271@example.com,easylearn@2026
user272@example.com,easylearn@2026
user273@example.com,easylearn@2026
user274@example.com,easylearn@2026
user275@example.com,easylearn@2026
user276@example.com,easylearn@2026
user277@example.com,easylearn@2026
user278@example.com,easylearn@2026
user279@example.com,easylearn@2026
user280@example.com,easylearn@2026
user281@example.com,easylearn@2026
user282@example.com,easylearn@2026
user283@example.com,easylearn@2026
user284@example.com,easylearn@2026
user285@example.com,easylearn@2026
user286@example.com,easylearn@2026
user287@example.com,easylearn@2026
user288@example.com,easylearn@2026
user289@example.com,easylearn@2026
user290@example.com,easylearn@2026
user291@example.com,easylearn@2026
user292@example.com,easylearn@2026
user293@example.com,easylearn@2026
user294@example.com,easylearn@2026
user295@example.com,easylearn@2026
user296@example.com,easylearn@2026
user297@example.com,easylearn@2026
user298@example.com,easylearn@2026
user299@example.com,easylearn@2026
user300@example.com,easylearn@2026
user301@example.com,easylearn@2026
user302@example.com,easylearn@2026
user303@example.com,easylearn@2026
user304@example.com,easylearn@2026
user305@example.com,easylearn@2026
user306@example.com,easylearn@2026
user307@example.com,easylearn@2026
user308@example.com,easylearn@2026
user309@example.com,easylearn@2026
user310@example.com,easylearn@2026
user311@example.com,easylearn@2026
user312@example.com,easylearn@2026
user313@example.com,easylearn@2026
user314@example.com,easylearn@2026
user315@example.com,easylearn@2026
user316@example.com,easylearn@2026
user317@example.com,easylearn@2026
user318@example.com,easylearn@2026
user319@example.com,easylearn@2026
user320@example.com,easylearn@2026
user321@example.com,easylearn@2026
user322@example.com,easylearn@2026
user323@example.com,easylearn@2026
user324@example.com,easylearn@2026
user325@example.com,easylearn@2026
user326@example.com,easylearn@2026
user327@example.com,easylearn@2026
user328@example.com,easylearn@2026
user329@example.com,easylearn@2026
user330@example.com,easylearn@2026
user331@example.com,easylearn@2026
user332@example.com,easylearn@2026
user333@example.com,easylearn@2026
user334@example.com,easylearn@2026
user335@example.com,easylearn@2026
user336@example.com,easylearn@2026
user337@example.com,easylearn@2026
user338@example.com,easylearn@2026
user339@example.com,easylearn@2026
user340@example.com,easylearn@2026
user341@example.com,easylearn@2026
user342@example.com,easylearn@2026
user343@example.com,easylearn@2026
user344@example.com,easylearn@2026
user345@example.com,easylearn@2026
user346@example.com,easylearn@2026
user347@example.com,easylearn@2026
user348@example.com,easylearn@2026
user349@example.com,easylearn@2026
user350@example.com,easylearn@2026
user351@example.com,easylearn@2026
user352@example.com,easylearn@2026
user353@example.com,easylearn@2026
user354@example.com,easylearn@2026
user355@example.com,easylearn@2026
user356@example.com,easylearn@2026
user357@example.com,easylearn@2026
user358@example.com,easylearn@2026
user359@example.com,easylearn@2026
user360@example.com,easylearn@2026
user361@example.com,easylearn@2026
user362@example.com,easylearn@2026
user363@example.com,easylearn@2026
user364@example.com,easylearn@2026
user365@example.com,easylearn@2026
user366@example.com,easylearn@2026
user367@example.com,easylearn@2026
user368@example.com,easylearn@2026
user369@example.com,easylearn@2026
user370@example.com,easylearn@2026
user371@example.com,easylearn@2026
user372@example.com,easylearn@2026
user373@example.com,easylearn@2026
user374@example.com,easylearn@2026
user375@example.com,easylearn@2026
user376@example.com,easylearn@2026
user377@example.com,easylearn@2026
user378@example.com,easylearn@2026
user379@example.com,easylearn@2026
user380@example.com,easylearn@2026
user381@example.com,easylearn@2026
user382@example.com,easylearn@2026
user383@example.com,easylearn@2026
user384@example.com,easylearn@2026
user385@example.com,easylearn@2026
user386@example.com,easylearn@2026
user387@example.com,easylearn@2026
user388@example.com,easylearn@2026
user389@example.com,easylearn@2026
user390@example.com,easylearn@2026
user391@example.com,easylearn@2026
user392@example.com,easylearn@2026
user393@example.com,easylearn@2026
user394@example.com,easylearn@2026
user395@example.com,easylearn@2026
user396@example.com,easylearn@2026
user397@example.com,easylearn@2026
user398@example.com,easylearn@2026
user399@example.com,easylearn@2026
user400@example.com,easylearn@2026
user401@example.com,easylearn@2026
user402@example.com,easylearn@2026
user403@example.com,easylearn@2026
user404@example.com,easylearn@2026
user405@example.com,easylearn@2026
user406@example.com,easylearn@2026
user407@example.com,easylearn@2026
user408@example.com,easylearn@2026
user409@example.com,easylearn@2026
user410@example.com,easylearn@2026
user411@example.com,easylearn@2026
user412@example.com,easylearn@2026
user413@example.com,easylearn@2026
user414@example.com,easylearn@2026
user415@example.com,easylearn@2026
user416@example.com,easylearn@2026
user417@example.com,easylearn@2026
user418@example.com,easylearn@2026
user419@example.com,easylearn@2026
user420@example.com,easylearn@2026
user421@example.com,easylearn@2026
user422@example.com,easylearn@2026
user423@example.com,easylearn@2026
user424@example.com,easylearn@2026
user425@example.com,easylearn@2026
user426@example.com,easylearn@2026
user427@example.com,easylearn@2026
user428@example.com,easylearn@2026
user429@example.com,easylearn@2026
user430@example.com,easylearn@2026
user431@example.com,easylearn@2026
user432@example.com,easylearn@2026
user433@example.com,easylearn@2026
user434@example.com,easylearn@2026
user435@example.com,easylearn@2026
user436@example.com,easylearn@2026
user437@example.com,easylearn@2026
user438@example.com,easylearn@2026
user439@example.com,easylearn@2026
user440@example.com,easylearn@2026
user441@example.com,easylearn@2026
user442@example.com,easylearn@2026
user443@example.com,easylearn@2026
user444@example.com,easylearn@2026
user445@example.com,easylearn@2026
user446@example.com,easylearn@2026
user447@example.com,easylearn@2026
user448@example.com,easylearn@2026
user449@example.com,easylearn@2026
user450@example.com,easylearn@2026
user451@example.com,easylearn@2026
user452@example.com,easylearn@2026
user453@example.com,easylearn@2026
user454@example.com,easylearn@2026
user455@example.com,easylearn@2026
user456@example.com,easylearn@2026
user457@example.com,easylearn@2026
user458@example.com,easylearn@2026
user459@example.com,easylearn@2026
user460@example.com,easylearn@2026
user461@example.com,easylearn@2026
user462@example.com,easylearn@2026
user463@example.com,easylearn@2026
user464@example.com,easylearn@2026
user465@example.com,easylearn@2026
user466@example.com,easylearn@2026
user467@example.com,easylearn@2026
user468@example.com,easylearn@2026
user469@example.com,easylearn@2026
user470@example.com,easylearn@2026
user471@example.com,easylearn@2026
user472@example.com,easylearn@2026
user473@example.com,easylearn@2026
user474@example.com,easylearn@2026
user475@example.com,easylearn@2026
user476@example.com,easylearn@2026
user477@example.com,easylearn@2026
user478@example.com,easylearn@2026
user479@example.com,easylearn@2026
user480@example.com,easylearn@2026
user481@example.com,easylearn@2026
user482@example.com,easylearn@2026
user483@example.com,easylearn@2026
user484@example.com,easylearn@2026
user485@example.com,easylearn@2026
user486@example.com,easylearn@2026
user487@example.com,easylearn@2026
user488@example.com,easylearn@2026
user489@example.com,easylearn@2026
user490@example.com,easylearn@2026
user491@example.com,easylearn@2026
user492@example.com,easylearn@2026
user493@example.com,easylearn@2026
user494@example.com,easylearn@2026
user495@example.com,easylearn@2026
user496@example.com,easylearn@2026
user497@example.com,easylearn@2026
user498@example.com,easylearn@2026
user499@example.com,easylearn@2026
user500@example.com,easylearn@2026
lybuithi3344@zamba.vn,easylearn@2026